model,dataset,experiment_name,perturbation,dose,DEGs,r2mean,r2mean_top20,r2mean_top100,r2mean_top20_boostrap_mean,r2mean_top100_boostrap_mean,cell_type_test,average_mean_expressed_diff,average_fractions_diff,average_mean_degs20_diff,average_mean_degs100_diff
ButterflyPipeline,PbmcPipeline,,ifn-b,0.0,61,0.937,0.941,0.986,0.9549068541940058,0.9389051862353616,CD4T,0.8879689,0.2847347833603471,0.28985763,0.65619713
ButterflyPipeline,PbmcPipeline,,ifn-b,0.0,74,0.974,0.97,0.941,0.9641499726876992,0.9698341188537242,CD14+Mono,0.8808092,0.171739661804926,0.061008256,0.3399427
ButterflyPipeline,PbmcPipeline,,ifn-b,0.0,54,0.85,0.918,0.927,0.9372354478950304,0.9060544285261144,B,0.87857896,0.2832256901432418,0.35825914,0.6750003
ButterflyPipeline,PbmcPipeline,,ifn-b,0.0,87,0.98,0.978,0.976,0.9719877815072002,0.9751249962608164,FCGR3A+Mono,0.8829428,0.1369709919014904,0.095720276,0.40455544
ButterflyPipeline,PbmcPipeline,,ifn-b,0.0,59,0.854,0.927,0.929,0.9300284182414352,0.780988926560928,NK,0.8972699,0.3536841700399317,0.40339226,0.6565236
ButterflyPipeline,PbmcPipeline,,ifn-b,0.0,74,0.972,0.976,0.98,0.9807089221815446,0.9749465475700848,CD8T,0.9040652,0.3530800806795459,0.33188173,0.6386741
ButterflyPipeline,PbmcPipeline,,ifn-b,0.0,76,0.91,0.899,0.974,0.9719600608416566,0.8953191971222324,Dendritic,0.8754916,0.2223856041150431,0.13645972,0.41719395
ScPreGanPipeline,PbmcPipeline,,ifn-b,0.0,51,0.885,0.901,0.935,0.9276307906486422,0.9005357898986562,Dendritic,0.851469,0.1812773071632047,0.1488631,0.3253164
ButterflyPipeline,NaultPipeline,,tcdd,0.1,5,0.462,0.309,0.476,0.1933521020572104,0.1066627987921219,Stellate Cells,0.84809804,0.409821260107266,0.586455,0.7071775
ButterflyPipeline,NaultPipeline,,tcdd,0.1,6,0.792,0.841,0.893,0.9752540179174888,0.8697466878956327,T Cells,0.87952054,0.4058068714684679,0.7414443,0.83096206
ButterflyPipeline,NaultPipeline,,tcdd,0.1,0,0.753,0.438,0.35,0.186737026961649,0.3166636344940838,Subtype 1,0.83625346,0.3378980392156863,0.7058509,0.7819797
ButterflyPipeline,NaultPipeline,,tcdd,0.3,5,0.572,0.667,0.908,0.7553011831076816,0.6870597304100038,Endothelial Cells,0.90631765,0.4055939046441297,0.67246944,0.7771708
ButterflyPipeline,NaultPipeline,,tcdd,0.1,3,0.845,0.231,0.004,0.0058264623646704,0.5806945761772866,Neutrophils,0.8395929,0.314826050420168,0.7984434,0.82560813
ButterflyPipeline,NaultPipeline,,tcdd,0.3,4,0.76,0.867,0.91,0.8980745015476903,0.7711923513234126,B Cells,0.8716013,0.3690862865497076,0.6500274,0.7606377
ButterflyPipeline,NaultPipeline,,tcdd,0.1,5,0.564,0.263,0.125,0.0070220432490029,0.2050264525917497,Portal Fibroblasts,0.8616483,0.4706988888888889,0.75576794,0.78475255
ButterflyPipeline,NaultPipeline,,tcdd,0.3,7,0.674,0.887,0.869,0.9506867287991776,0.820739761083183,Cholangiocytes,0.86583656,0.4143604481500781,0.56432897,0.72588027
ScPreGanPipeline,PbmcPipeline,,ifn-b,0.0,27,0.771,0.891,0.906,0.8882250581507138,0.8797924656717262,B,0.8570876,0.1989028737386171,0.22870286,0.55324334
ScPreGanPipeline,PbmcPipeline,,ifn-b,0.0,28,0.734,0.799,0.861,0.8610996443938146,0.7610140854289652,NK,0.86749023,0.2101932198813699,0.3081065,0.53097534
ScPreGanPipeline,PbmcPipeline,,ifn-b,0.0,56,0.939,0.949,0.947,0.9475355455876212,0.9467878933277322,CD14+Mono,0.8759122,0.1932025903439451,0.11097312,0.2703054
ScPreGanPipeline,PbmcPipeline,,ifn-b,0.0,37,0.491,0.475,0.717,0.7180381065722992,0.4903717010518311,CD4T,0.8829684,0.1542173079426377,0.37132367,0.66192263
ScPreGanPipeline,PbmcPipeline,,ifn-b,0.0,28,0.885,0.891,0.902,0.902131390097151,0.8945745683982619,FCGR3A+Mono,0.85767204,0.1818088542550716,0.10704249,0.37705493
ScPreGanReproduciblePipeline,PbmcPipeline,,ifn-b,0.0,47,0.803,0.719,0.581,0.5775071709465646,0.7114604482531736,Dendritic,0.84362465,0.2493235639726358,0.47418538,0.587809
ButterflyPipeline,NaultPipeline,,tcdd,0.3,33,0.945,0.949,0.972,0.9712491330862788,0.920874017264588,Hepatocytes - portal,0.7722323,0.1766522555465937,0.33665642,0.52937996
ScPreGanPipeline,NaultPipeline,,tcdd,0.01,9,0.368,0.408,0.429,0.3670412588246827,0.2765079340034743,Portal Fibroblasts,0.732641,0.1282904761904762,0.56724876,0.6457121
ButterflyPipeline,NaultPipeline,,tcdd,0.3,17,0.916,0.972,0.988,0.9857701485114636,0.9579441060174148,Macrophage,0.87833434,0.2763185887479831,0.45433044,0.6701167
ScPreGanPipeline,PbmcPipeline,,ifn-b,0.0,34,0.859,0.924,0.955,0.9549747489995866,0.9139831768106428,CD8T,0.8735357,0.1993509882316815,0.3648576,0.56717676
ButterflyPipeline,NaultPipeline,,tcdd,0.3,3,0.856,0.908,0.962,0.9413047365344852,0.9310144876757284,Neutrophils,0.809689,0.2743804761904762,0.6471519,0.8168791
ButterflyPipeline,NaultPipeline,,tcdd,0.3,4,0.536,0.835,0.225,0.8143607979373481,0.5835974859296345,Portal Fibroblasts,0.87432986,0.4426190476190477,0.7125423,0.8180637
ButterflyPipeline,NaultPipeline,,tcdd,0.3,4,0.441,0.539,0.874,0.5322336718436764,0.3144576009445109,Stellate Cells,0.8654879,0.3931463963638829,0.72085625,0.7576511
ButterflyPipeline,NaultPipeline,,tcdd,0.3,6,0.826,0.872,0.526,0.4567755082538223,0.8217261647250035,Subtype 1,0.83332676,0.320492,0.7503517,0.7746279
ButterflyPipeline,NaultPipeline,,tcdd,0.3,6,0.789,0.918,0.986,0.9843840758033316,0.8432321367138539,T Cells,0.8745023,0.3743472177635099,0.65750134,0.79996806
ButterflyPipeline,NaultPipeline,,tcdd,1.0,12,0.764,0.927,0.994,0.9405450728513762,0.8116403920423646,B Cells,0.8800694,0.4218779279279279,0.59884435,0.7913367
ScPreGanPipeline,NaultPipeline,,tcdd,0.1,27,0.287,0.172,0.125,0.0019169763695924,0.0383021467292371,Stellate Cells,0.8499678,0.2041884328279797,0.4967355,0.617005
ButterflyPipeline,NaultPipeline,,tcdd,1.0,59,0.941,0.943,0.958,0.951681772898165,0.9298358479329129,Hepatocytes - portal,0.7938549,0.1909185037305548,0.3120848,0.4851202
ButterflyPipeline,NaultPipeline,,tcdd,1.0,5,0.687,0.729,0.615,0.5173343174618281,0.743497056895678,Cholangiocytes,0.8586111,0.458921707920792,0.42006245,0.6958516
ButterflyPipeline,NaultPipeline,,tcdd,1.0,60,0.962,0.933,0.956,0.912755347850218,0.947086067421564,Hepatocytes - central,0.8000693,0.2372213306077615,0.23905325,0.4567603
ButterflyPipeline,NaultPipeline,,tcdd,1.0,14,0.615,0.721,0.863,0.753209558999011,0.6289994736767724,Endothelial Cells,0.9022992,0.4421798483634065,0.5086099,0.69124895
ScPreGanPipeline,NaultPipeline,,tcdd,0.3,4,0.729,0.814,0.169,0.3694343832439659,0.7665031486428684,Subtype 1,0.7584858,0.1435946666666666,0.74506044,0.71708447
ScPreGanPipeline,NaultPipeline,,tcdd,1.0,26,0.355,0.555,0.806,0.7808452238328855,0.3705766618105294,Stellate Cells,0.8011069,0.150599842872598,0.39900938,0.5255175
ScPreGanPipeline,NaultPipeline,,tcdd,0.1,4,0.682,0.3,0.378,0.340763202543542,0.2241405541478967,Subtype 1,0.7858833,0.1862335294117647,0.7327783,0.7655712
ScPreGanPipeline,NaultPipeline,,tcdd,0.3,7,0.298,0.276,0.85,0.4914260844898125,0.1332814679396446,Stellate Cells,0.77991325,0.1702981944089013,0.47737905,0.6635175
ButterflyPipeline,NaultPipeline,,tcdd,1.0,26,0.891,0.796,0.638,0.6102673896364997,0.9251745183969105,Macrophage,0.87808424,0.2769556377311904,0.5990019,0.71117765
ScPreGanPipeline,NaultPipeline,,tcdd,0.03,7,0.575,0.734,0.769,0.6594167147079619,0.5749118611006758,B Cells,0.81302965,0.1691848648648648,0.6615478,0.74087316
ScPreGanPipeline,NaultPipeline,,tcdd,0.1,11,0.578,0.548,0.605,0.759263254921004,0.603106173170963,Cholangiocytes,0.80419886,0.1963999395359383,0.72838545,0.7472286
ScPreGanPipeline,NaultPipeline,,tcdd,0.1,8,0.554,0.516,0.41,0.8974726922348111,0.6584605468216193,T Cells,0.85526574,0.2291274793790998,0.7029092,0.7874201
ScPreGanPipeline,NaultPipeline,,tcdd,0.1,7,0.794,0.204,0.006,0.0253257421793146,0.5498444418681876,Neutrophils,0.7970684,0.2069347338935574,0.7958064,0.81606245
ScPreGanPipeline,NaultPipeline,,tcdd,0.1,18,0.465,0.181,0.111,0.0162902718864184,0.0668573217218864,Portal Fibroblasts,0.8190745,0.2012253968253968,0.614328,0.7290722
ScPreGanPipeline,NaultPipeline,,tcdd,0.03,21,0.426,0.336,0.826,0.6696465879413499,0.2401688668935982,Endothelial Cells,0.8396088,0.160423184780645,0.30323446,0.5452365
ScPreGanPipeline,NaultPipeline,,tcdd,0.1,23,0.901,0.819,0.637,0.6782539173453082,0.8323799770182707,Hepatocytes - portal,0.7330347,0.0945016070616667,0.21949625,0.34283435
ScPreGanPipeline,NaultPipeline,,tcdd,0.1,5,0.87,0.914,0.955,0.9270200445445838,0.9075760935995456,Macrophage,0.86111194,0.1931487221492529,0.5952171,0.7039364
ScPreGanPipeline,NaultPipeline,,tcdd,0.1,13,0.925,0.891,0.748,0.6899525980439468,0.8827780805277847,Hepatocytes - central,0.77733546,0.1402352489170228,0.52865076,0.4763094
ScPreGanPipeline,NaultPipeline,,tcdd,0.3,17,0.874,0.889,0.962,0.9563709438986924,0.8430913654387983,Hepatocytes - portal,0.7126334,0.0722283888588779,0.22848856,0.38183838
ScPreGanPipeline,NaultPipeline,,tcdd,0.01,6,0.261,0.018,0.036,0.0446860164563168,0.003522297882741,Stellate Cells,0.7818236,0.1398549517331464,0.7750565,0.7434066
ScPreGanPipeline,NaultPipeline,,tcdd,0.03,10,0.309,0.343,0.021,0.0480368110547921,0.3054371411788887,Portal Fibroblasts,0.8048118,0.150934884965222,0.6013048,0.7468717
ScPreGanPipeline,NaultPipeline,,tcdd,0.03,8,0.666,0.326,0.19,0.2539739621965863,0.2133859290173052,Subtype 1,0.658756,0.1405047058823529,0.40299654,0.5726973
ScPreGanPipeline,NaultPipeline,,tcdd,0.03,9,0.87,0.882,0.904,0.8971919224130299,0.8889103522718831,Macrophage,0.8063129,0.1331370564933348,0.31326786,0.5884019
ScPreGanPipeline,NaultPipeline,,tcdd,0.01,3,0.587,0.252,0.106,0.1174299900921748,0.3317621659090395,Subtype 1,0.68262523,0.1176696296296296,0.68428576,0.71042424
ScPreGanPipeline,NaultPipeline,,tcdd,0.01,15,0.828,0.897,0.901,0.6525491098113307,0.7939021551776599,Neutrophils,0.53847516,0.1092857142857142,0.4670732,0.5524866
ScPreGanPipeline,NaultPipeline,,tcdd,0.03,14,0.286,0.281,0.517,0.3598779646352833,0.1476153744880467,Stellate Cells,0.78260964,0.157036508680645,0.5421125,0.66333735
ScPreGanPipeline,NaultPipeline,,tcdd,0.03,8,0.841,0.808,0.933,0.8963715433415745,0.7920773031200835,Hepatocytes - portal,0.62735933,0.0800835787504119,0.23269089,0.41039222
ScPreGanPipeline,NaultPipeline,,tcdd,0.1,12,0.383,0.018,0.049,0.0457022023700927,0.0018621288989767,Endothelial Cells,0.87651575,0.2061951807354548,0.5887357,0.7127199
ScPreGanPipeline,NaultPipeline,,tcdd,0.03,11,0.293,0.163,0.093,0.0319158678635525,0.0719190997330537,Cholangiocytes,0.75343245,0.2029942819001001,0.8248893,0.7165188
ScPreGanPipeline,NaultPipeline,,tcdd,0.03,2,0.697,0.176,0.001,0.0166191703668412,0.8192284074299626,Neutrophils,0.7628077,0.163403007518797,0.7341326,0.7769092
ScPreGanPipeline,NaultPipeline,,tcdd,0.03,8,0.575,0.859,0.859,0.8547252225774058,0.6302089014173502,T Cells,0.78833055,0.1734603685769357,0.46472612,0.68745065
ScPreGanPipeline,NaultPipeline,,tcdd,0.01,4,0.56,0.543,0.699,0.3480675736423715,0.3278008542135733,B Cells,0.68936944,0.1152990909090909,0.553023,0.6878267
ScPreGanPipeline,NaultPipeline,,tcdd,0.01,3,0.832,0.752,0.863,0.843899747316907,0.7746366647392687,Macrophage,0.75496227,0.1154856824148291,0.58902645,0.6662053
ScPreGanPipeline,NaultPipeline,,tcdd,0.01,3,0.328,0.132,0.044,0.0653887642689566,0.0819879223228992,Endothelial Cells,0.8152398,0.1408587761433173,0.6996477,0.7334668
ScPreGanPipeline,NaultPipeline,,tcdd,0.03,19,0.927,0.856,0.897,0.8892141226478414,0.8446402331066044,Hepatocytes - central,0.69320416,0.0967692972250235,0.31391123,0.39537823
ScPreGanPipeline,NaultPipeline,,tcdd,0.01,5,0.407,0.449,0.253,0.0927351847606216,0.4089866211967333,Cholangiocytes,0.7223646,0.1101955681282414,0.6753517,0.6618753
ScPreGanPipeline,NaultPipeline,,tcdd,0.01,6,0.489,0.189,0.651,0.1872099035269864,0.3489890278801152,T Cells,0.74328554,0.1178656346233874,0.6058011,0.6794163
ScPreGanPipeline,NaultPipeline,,tcdd,0.1,6,0.74,0.834,0.861,0.6974315336230303,0.6228113846604142,B Cells,0.81959826,0.2093041954022988,0.7166845,0.8028981
ScPreGanPipeline,NaultPipeline,,tcdd,0.01,9,0.935,0.943,0.955,0.9560080511365058,0.924160678208328,Hepatocytes - central,0.67065775,0.0924087104790877,0.22911839,0.40423092
ScPreGanPipeline,NaultPipeline,,tcdd,1.0,17,0.627,0.78,0.841,0.7091457635259667,0.5834517083218581,T Cells,0.8395218,0.1970086345872007,0.5110441,0.67432404
ScPreGanPipeline,NaultPipeline,,tcdd,0.01,11,0.852,0.817,0.823,0.8405704443594283,0.8043368693382567,Hepatocytes - portal,0.61798215,0.0657786356331381,0.29391843,0.3356062
ScPreGanPipeline,NaultPipeline,,tcdd,0.3,4,0.453,0.591,0.893,0.7316429061752912,0.6315268788186044,Endothelial Cells,0.8293766,0.1638651773108677,0.56234455,0.6541614
ButterflyPipeline,NaultPipeline,,tcdd,1.0,10,0.494,0.602,0.885,0.8774863191544777,0.4937428697507234,Stellate Cells,0.86008877,0.4591177051671732,0.36568594,0.5634021
ScPreGanPipeline,NaultPipeline,,tcdd,0.3,10,0.442,0.613,0.42,0.7134973593184353,0.4423666658852151,Cholangiocytes,0.7572041,0.1671684036824735,0.53946143,0.6363781
ButterflyPipeline,NaultPipeline,,tcdd,1.0,2,0.692,0.201,0.041,0.0085072301322043,0.8049138530767768,Neutrophils,0.8260022,0.3025309523809524,0.6570306,0.7950188
ButterflyPipeline,NaultPipeline,,tcdd,1.0,4,0.651,0.912,0.794,0.848771178279677,0.8825643108101202,Portal Fibroblasts,0.8475087,0.4475570028011204,0.41618046,0.61525005
ButterflyPipeline,NaultPipeline,,tcdd,3.0,70,0.956,0.96,0.972,0.968505817681616,0.950911457669925,Hepatocytes - portal,0.76360947,0.1720702922434669,0.2057271,0.43227348
ButterflyPipeline,NaultPipeline,,tcdd,10.0,46,0.837,0.789,0.87,0.888709229826312,0.7754082118005262,Macrophage,0.8930393,0.3211538627745449,0.33752072,0.6260892
ButterflyPipeline,NaultPipeline,,tcdd,10.0,62,0.947,0.927,0.922,0.922386225702561,0.914482822906424,Hepatocytes - portal,0.7801088,0.235620410652811,0.14415567,0.3680917
ScPreGanPipeline,NaultPipeline,,tcdd,0.3,14,0.643,0.773,0.902,0.8447582344420765,0.6235749485589044,B Cells,0.7962332,0.1432626023391812,0.48464698,0.65370756
ScPreGanPipeline,NaultPipeline,,tcdd,0.3,10,0.854,0.945,0.98,0.9697719918285076,0.9242866187819332,Macrophage,0.84011775,0.1312361026799851,0.4223408,0.6303191
ScPreGanPipeline,NaultPipeline,,tcdd,10.0,37,0.848,0.856,0.902,0.9282856642548754,0.8501292135698226,Macrophage,0.8712136,0.2173167832474393,0.33008456,0.56258345
ButterflyPipeline,NaultPipeline,,tcdd,1.0,2,0.746,0.348,0.005,0.0036145820239061,0.7086129898090485,Subtype 1,0.8454,0.3598694117647059,0.579048,0.71149015
ButterflyPipeline,NaultPipeline,,tcdd,1.0,7,0.766,0.933,0.98,0.9321625347234545,0.8347293755870895,T Cells,0.87994945,0.4266070224719101,0.63709545,0.7529417
ButterflyPipeline,NaultPipeline,,tcdd,3.0,59,0.933,0.941,0.982,0.9795021154060088,0.926700970692157,Macrophage,0.8936041,0.3034283109781752,0.34478638,0.5841956
ButterflyPipeline,NaultPipeline,,tcdd,3.0,68,0.968,0.96,0.949,0.9437554704881196,0.9546331071514864,Hepatocytes - central,0.8093704,0.235490996828017,0.30603713,0.41217297
ButterflyPipeline,NaultPipeline,,tcdd,3.0,11,0.824,0.982,0.996,0.996807369001979,0.9694931156811885,B Cells,0.89786047,0.4252688219326819,0.38399246,0.6901872
ButterflyPipeline,NaultPipeline,,tcdd,3.0,22,0.632,0.908,0.994,0.9947439253648668,0.8426327056335188,Endothelial Cells,0.90656596,0.4417514897136358,0.3683768,0.59847754
ScPreGanPipeline,NaultPipeline,,tcdd,0.3,11,0.91,0.92,0.912,0.8882836362223036,0.9065669387106954,Hepatocytes - central,0.78077936,0.1236512785129236,0.49812442,0.5198783
ButterflyPipeline,NaultPipeline,,tcdd,3.0,6,0.707,0.897,0.956,0.9670296272674768,0.8572581729167784,Cholangiocytes,0.8643491,0.4369502404526166,0.32119483,0.59874207
ButterflyPipeline,NaultPipeline,,tcdd,3.0,5,0.874,0.927,0.951,0.9275014134555116,0.897803041369679,Neutrophils,0.8420081,0.3267151515151515,0.50174046,0.72732747
ButterflyPipeline,NaultPipeline,,tcdd,10.0,72,0.953,0.933,0.945,0.9440043421962756,0.9290257987491728,Hepatocytes - central,0.79157275,0.2368451863770447,0.20592955,0.4383204
ButterflyPipeline,NaultPipeline,,tcdd,3.0,9,0.841,0.972,0.996,0.9951399354799524,0.9475484917103746,T Cells,0.8827323,0.4314097764007614,0.45473853,0.6629272
ButterflyPipeline,NaultPipeline,,tcdd,3.0,6,0.78,0.776,0.185,0.8199283181564562,0.6813799018904543,Subtype 1,0.85329425,0.3306763276836158,0.47483802,0.7005584
ButterflyPipeline,NaultPipeline,,tcdd,10.0,19,0.596,0.832,0.976,0.971073394742405,0.7058769278963184,Endothelial Cells,0.9012341,0.5413298147443807,0.41244832,0.6503092
ButterflyPipeline,NaultPipeline,,tcdd,3.0,15,0.518,0.733,0.837,0.9044709391581508,0.6121630904645304,Stellate Cells,0.86306006,0.461238886463171,0.37886712,0.5546754
ButterflyPipeline,NaultPipeline,,tcdd,3.0,9,0.572,0.88,0.927,0.8991218411526667,0.7330513289403318,Portal Fibroblasts,0.8793506,0.4659126817042606,0.38484773,0.65431875
ScPreGanPipeline,NaultPipeline,,tcdd,0.3,6,0.676,0.852,0.939,0.892478988426273,0.7414211771608737,T Cells,0.8056226,0.1544223113964687,0.51340884,0.7107045
ButterflyPipeline,NaultPipeline,,tcdd,10.0,38,0.733,0.951,0.992,0.9901418879331272,0.9124273042074496,B Cells,0.89772785,0.2084038027819175,0.48159227,0.68308437
ButterflyPipeline,NaultPipeline,,tcdd,10.0,20,0.651,0.83,0.906,0.8305694407752143,0.7247684301232712,Cholangiocytes,0.8468179,0.4596859500235737,0.33095083,0.615608
ScPreGanPipeline,NaultPipeline,,tcdd,0.3,13,0.477,0.706,0.213,0.6434983596922272,0.4433026612389589,Portal Fibroblasts,0.7584407,0.1601964285714285,0.56302536,0.693078
ScPreGanPipeline,NaultPipeline,,tcdd,0.3,14,0.808,0.88,0.958,0.9407772766052416,0.9033091780588504,Neutrophils,0.7531446,0.1521290476190476,0.68664247,0.77427655
ScPreGanPipeline,NaultPipeline,,tcdd,10.0,22,0.748,0.918,0.953,0.95024279480123,0.8253693256846347,T Cells,0.8528404,0.2411893703252166,0.46072322,0.66369814
ButterflyPipeline,NaultPipeline,,tcdd,10.0,7,0.796,0.767,0.353,0.7562342848987238,0.6605561564233734,Subtype 1,0.8510679,0.3605215730337078,0.4735642,0.669512
ButterflyPipeline,NaultPipeline,,tcdd,10.0,5,0.794,0.691,0.738,0.7433472916936473,0.6817403845587725,Neutrophils,0.86167985,0.3490062374245473,0.45003295,0.6750624
ButterflyPipeline,NaultPipeline,,tcdd,30.0,54,0.861,0.839,0.951,0.9526867535598248,0.8275767013960137,Hepatocytes - portal,0.73293245,0.2733290203593592,0.14544447,0.31037334
ButterflyPipeline,NaultPipeline,,tcdd,10.0,12,0.576,0.717,0.927,0.90887991521625,0.6231463977354111,Portal Fibroblasts,0.86581826,0.4531480392156862,0.36055204,0.6020172
ButterflyPipeline,NaultPipeline,,tcdd,10.0,10,0.48,0.594,0.794,0.711305987508258,0.4264680569971403,Stellate Cells,0.8659142,0.4886009528030618,0.48837823,0.64119154
ButterflyPipeline,NaultPipeline,,tcdd,10.0,17,0.79,0.937,0.998,0.9960636669950884,0.8687344032263051,T Cells,0.8937785,0.4623939734422881,0.46242028,0.68183726
ScPreGanPipeline,NaultPipeline,,tcdd,1.0,31,0.85,0.88,0.937,0.9196390365102712,0.8522432383660936,Hepatocytes - portal,0.7018921,0.0826581252327266,0.25577474,0.33093327
ScPreGanPipeline,NaultPipeline,,tcdd,1.0,23,0.487,0.629,0.778,0.6437805373738519,0.4846575109976499,Endothelial Cells,0.8278897,0.1425112987182244,0.34156275,0.5486828
ButterflyPipeline,NaultPipeline,,tcdd,30.0,55,0.916,0.92,0.956,0.920074718977108,0.9173435300186727,Hepatocytes - central,0.78600484,0.2472081565293948,0.16210288,0.33362922
ButterflyPipeline,NaultPipeline,,tcdd,30.0,2,0.627,0.359,0.282,0.1923146711950876,0.256376438090177,Subtype 1,0.7940834,0.3721904136253041,0.5690633,0.62116516
ScPreGanPipeline,NaultPipeline,,tcdd,30.0,8,0.358,0.378,0.134,0.2593975514343122,0.3670294854077339,Portal Fibroblasts,0.65118474,0.2355454337899543,0.61072665,0.5884243
ButterflyPipeline,NaultPipeline,,tcdd,30.0,17,0.529,0.204,0.088,0.071427733170931,0.0496603288979463,B Cells,0.8694848,0.316218764817449,0.4889524,0.63434935
ButterflyPipeline,NaultPipeline,,tcdd,30.0,5,0.269,0.034,0.019,0.0095738483782713,0.024427699686785,Endothelial Cells,0.8185489,0.3903718577264142,0.7875132,0.71884346
ButterflyPipeline,NaultPipeline,,tcdd,30.0,3,0.348,0.46,0.271,0.2171320391468672,0.327105853767707,Macrophage,0.85131353,0.2718826421610998,0.7894206,0.8116648
ButterflyPipeline,NaultPipeline,,tcdd,30.0,8,0.545,0.284,0.023,0.2008448682044226,0.1491091627840828,Cholangiocytes,0.79433465,0.4831315952700797,0.6320386,0.67648834
ButterflyPipeline,NaultPipeline,,tcdd,30.0,1,0.546,0.088,0.001,0.1481956268661971,0.5462457669149003,Neutrophils,0.86221004,0.3983499470899471,0.64911896,0.6908875
ButterflyPipeline,NaultPipeline,,tcdd,30.0,4,0.367,0.316,0.029,0.0218698344781443,0.2753234637541802,Portal Fibroblasts,0.79483825,0.4831914220482713,0.6380305,0.66842884
ButterflyPipeline,NaultPipeline,,tcdd,30.0,8,0.471,0.118,0.166,0.2079862273750042,0.0972208177808131,Stellate Cells,0.7971775,0.5113115214400866,0.67437434,0.6308866
ScPreGanPipeline,NaultPipeline,,tcdd,1.0,8,0.514,0.645,0.549,0.4776797750850047,0.617107784276292,Cholangiocytes,0.77869874,0.1710635891089109,0.42795166,0.66122836
ButterflyPipeline,NaultPipeline,,tcdd,0.01,7,0.904,0.865,0.92,0.8993497848573785,0.8890531152563501,Macrophage,0.8533112,0.2916518636268354,0.6387431,0.7265198
ButterflyPipeline,NaultPipeline,,tcdd,0.01,2,0.885,0.949,0.962,0.7986905789798606,0.8819390053616556,Neutrophils,0.6670231,0.2316666666666667,0.5742775,0.6564491
ButterflyPipeline,NaultPipeline,,tcdd,0.01,38,0.962,0.966,0.951,0.9573002000934204,0.9628413293435129,Hepatocytes - portal,0.74959505,0.170180214283059,0.24466407,0.4417135
ButterflyPipeline,NaultPipeline,,tcdd,0.03,36,0.951,0.931,0.97,0.9595634075322128,0.929936913203248,Hepatocytes - portal,0.7446894,0.1739506902722495,0.22659603,0.46146262
ScPreGanPipeline,NaultPipeline,,tcdd,1.0,13,0.869,0.783,0.712,0.5758330688153132,0.9059528990291013,Macrophage,0.86478037,0.1757404085411856,0.5415691,0.6778174
ButterflyPipeline,NaultPipeline,,tcdd,0.03,19,0.912,0.897,0.887,0.8807446489263034,0.9096525734170836,Macrophage,0.87311524,0.2999925315451605,0.3382119,0.64326185
ButterflyPipeline,NaultPipeline,,tcdd,30.0,6,0.624,0.308,0.153,0.5170083158698862,0.2673380386556873,T Cells,0.8486513,0.4027959603281821,0.62264365,0.67294765
ButterflyPipeline,NaultPipeline,,tcdd,0.01,1,0.745,0.766,0.854,0.7372572214346336,0.5781745625406698,B Cells,0.8612167,0.3965174242424242,0.77155,0.8352998
ButterflyPipeline,NaultPipeline,,tcdd,0.01,47,0.964,0.953,0.951,0.950460946911958,0.9428556706064418,Hepatocytes - central,0.7798147,0.2226465596815853,0.27129018,0.48074853
ButterflyPipeline,NaultPipeline,,tcdd,0.01,1,0.637,0.706,0.691,0.3658784199389785,0.6877095187644287,Cholangiocytes,0.8350233,0.4611598302687412,0.7096617,0.7748897
ButterflyPipeline,NaultPipeline,,tcdd,0.01,1,0.539,0.23,0.154,0.1354972510880535,0.1852974429222134,Endothelial Cells,0.88703895,0.4533526418599894,0.7629544,0.79629576
ButterflyPipeline,NaultPipeline,,tcdd,0.03,6,0.526,0.619,0.054,0.0563076810088467,0.5635740621136478,Portal Fibroblasts,0.85684526,0.4937817281968967,0.5210858,0.73598963
ButterflyPipeline,NaultPipeline,,tcdd,0.01,0,0.453,0.225,0.082,0.0309530999300085,0.1234192199427433,Stellate Cells,0.86413056,0.4418742186504396,0.73906404,0.769269
ScPreGanPipeline,NaultPipeline,,tcdd,10.0,17,0.315,0.494,0.719,0.6106757694697587,0.4102020751371976,Stellate Cells,0.7883726,0.2344466602768019,0.52633274,0.612669
ButterflyPipeline,NaultPipeline,,tcdd,0.01,1,0.714,0.393,0.78,0.2033471056492171,0.5678681996153159,T Cells,0.85740066,0.370802480233042,0.7001312,0.79104555
ButterflyPipeline,NaultPipeline,,tcdd,0.01,5,0.531,0.516,0.623,0.5636104072857643,0.3987202271172035,Portal Fibroblasts,0.8323777,0.5042761904761904,0.65126085,0.7340108
ButterflyPipeline,NaultPipeline,,tcdd,0.03,1,0.741,0.388,0.314,0.2853861428229283,0.2640720275281129,Subtype 1,0.8106102,0.3201360784313725,0.61389333,0.7366018
ButterflyPipeline,NaultPipeline,,tcdd,0.01,1,0.743,0.521,0.425,0.3290859910590297,0.4432287843472993,Subtype 1,0.8108617,0.3467996296296296,0.71500456,0.76942575
ButterflyPipeline,NaultPipeline,,tcdd,0.03,41,0.956,0.885,0.902,0.8949457569304048,0.8788060930501345,Hepatocytes - central,0.77103096,0.2169943742648974,0.33650964,0.4460063
ScPreGanPipeline,NaultPipeline,,tcdd,3.0,38,0.922,0.945,0.98,0.9573679866929364,0.9390622327020408,Hepatocytes - central,0.7263424,0.1125355371388959,0.27879503,0.39434785
ScPreGanReproduciblePipeline,PbmcPipeline,,ifn-b,0.0,45,0.859,0.916,0.924,0.9290043669555232,0.9086326514643486,B,0.89243186,0.3160405344063041,0.48360172,0.7112389
ButterflyPipeline,NaultPipeline,,tcdd,0.03,9,0.564,0.507,0.978,0.8582020648111144,0.3964336225819618,Endothelial Cells,0.9001567,0.4313875780862781,0.34591758,0.6544606
ButterflyPipeline,NaultPipeline,,tcdd,0.03,8,0.759,0.902,0.943,0.8979566852407344,0.8241217086373186,B Cells,0.86641544,0.4311022522522523,0.6419804,0.7575137
ButterflyPipeline,NaultPipeline,,tcdd,0.03,9,0.672,0.85,0.974,0.9230966706025946,0.772200392824466,Cholangiocytes,0.8400269,0.4667058404716875,0.6214592,0.733596
ScPreGanPipeline,NaultPipeline,,tcdd,1.0,29,0.922,0.904,0.929,0.9069709663628994,0.917560369448677,Hepatocytes - central,0.7128673,0.1214520912036331,0.23633513,0.39879617
ScPreGanPipeline,NaultPipeline,,tcdd,3.0,18,0.711,0.906,0.964,0.9299848187112296,0.8447223260112957,B Cells,0.8557798,0.1779958469055374,0.45159078,0.6785616
ButterflyPipeline,NaultPipeline,,tcdd,0.1,54,0.941,0.845,0.714,0.706678901759324,0.8358497790691706,Hepatocytes - portal,0.74701494,0.1747825333123294,0.29360586,0.46507692
ScPreGanPipeline,NaultPipeline,,tcdd,10.0,20,0.496,0.805,0.893,0.8549608069974468,0.6339879010829513,Cholangiocytes,0.8090436,0.2500651579443658,0.34440717,0.5952319
ScPreGanPipeline,NaultPipeline,,tcdd,1.0,14,0.441,0.651,0.701,0.4118187225242398,0.5530631270167422,Portal Fibroblasts,0.7486148,0.1768953781512605,0.42655474,0.5768667
ScPreGanPipeline,NaultPipeline,,tcdd,1.0,16,0.692,0.865,0.949,0.8824444551257684,0.7555214670051325,B Cells,0.7761354,0.165781006006006,0.45474467,0.6642465
ScPreGanPipeline,NaultPipeline,,tcdd,10.0,26,0.491,0.774,0.925,0.913874066287822,0.7039157549016825,Endothelial Cells,0.8494242,0.228242063137193,0.35417566,0.5881687
ScPreGanPipeline,NaultPipeline,,tcdd,3.0,44,0.375,0.613,0.771,0.8574431634504617,0.4745537121258332,Stellate Cells,0.8238859,0.1549365608612621,0.40494713,0.47989395
ScPreGanPipeline,NaultPipeline,,tcdd,10.0,58,0.882,0.878,0.865,0.8645590468823541,0.8574175256682358,Hepatocytes - portal,0.7680362,0.1236221212210479,0.18449423,0.2836994
ScPreGanPipeline,NaultPipeline,,tcdd,30.0,7,0.222,0.038,0.025,0.0271236508337577,0.0210984701780403,Endothelial Cells,0.76097775,0.2592683602325025,0.842536,0.7225239
ButterflyPipeline,NaultPipeline,,tcdd,0.1,9,0.691,0.902,0.945,0.9769569130827968,0.8384355930592972,Cholangiocytes,0.860806,0.4578131055853677,0.6865707,0.7819151
ButterflyPipeline,NaultPipeline,,tcdd,0.1,7,0.555,0.141,0.115,0.1362667485117549,0.0654104262045014,Endothelial Cells,0.9005102,0.4514077974414276,0.65620816,0.76470953
ScPreGanPipeline,NaultPipeline,,tcdd,3.0,28,0.854,0.88,0.931,0.9297518232504366,0.854563098243084,Macrophage,0.8466566,0.1764067155998932,0.22394705,0.4821004
ButterflyPipeline,NaultPipeline,,tcdd,0.03,0,0.746,0.192,0.007,0.0081407349100243,0.8328599925312026,Neutrophils,0.8263526,0.2788167919799499,0.72154826,0.7992024
ScPreGanPipeline,NaultPipeline,,tcdd,1.0,7,0.616,0.154,0.03,0.0091695752441336,0.7740783577943663,Neutrophils,0.76190853,0.1833166666666666,0.648519,0.7650951
ButterflyPipeline,NaultPipeline,,tcdd,0.03,0,0.484,0.619,0.891,0.7586709648375773,0.4166656191122846,Stellate Cells,0.86300373,0.4739754093040028,0.50553346,0.6752209
ScPreGanPipeline,NaultPipeline,,tcdd,30.0,4,0.136,0.008,0.01,0.0004756637511496,0.0023180193422055,Stellate Cells,0.6991584,0.2653025383269947,0.7516543,0.7198847
ScPreGanReproduciblePipeline,PbmcPipeline,,ifn-b,0.0,46,0.865,0.902,0.929,0.9296981343585328,0.8225593050317825,NK,0.8924027,0.3149240520141143,0.4934629,0.70361716
ScPreGanReproduciblePipeline,PbmcPipeline,,ifn-b,0.0,45,0.861,0.839,0.755,0.7534785661959478,0.8365904563882391,CD14+Mono,0.8518722,0.145336223438307,0.42618126,0.5669968
ScPreGanReproduciblePipeline,PbmcPipeline,,ifn-b,0.0,26,0.503,0.475,0.271,0.2803744733339082,0.4781173528666057,FCGR3A+Mono,0.79377574,0.1585174639672353,0.5316232,0.6321006
ScPreGanReproduciblePipeline,PbmcPipeline,,ifn-b,0.0,56,0.935,0.943,0.972,0.961515974437615,0.9455062285698916,CD4T,0.8566136,0.170918197538046,0.43919978,0.6574233
ScPreGanPipeline,NaultPipeline,,tcdd,3.0,30,0.483,0.794,0.887,0.9393074611429348,0.7264157040106807,Endothelial Cells,0.8651153,0.1584391663879446,0.2813569,0.510525
ButterflyPipeline,NaultPipeline,,tcdd,0.1,11,0.92,0.972,0.99,0.987967403771462,0.9514029599831292,Macrophage,0.8901806,0.3019450966527109,0.63828945,0.7427257
ButterflyPipeline,NaultPipeline,,tcdd,0.1,34,0.964,0.953,0.837,0.8309186632181529,0.9501437374819014,Hepatocytes - central,0.81187797,0.2383814578455338,0.5517403,0.52022797
ScPreGanPipeline,NaultPipeline,,tcdd,10.0,5,0.294,0.711,0.958,0.944964237559332,0.585201133781713,Portal Fibroblasts,0.7767341,0.2775062745098039,0.51790893,0.6640474
ButterflyPipeline,NaultPipeline,,tcdd,0.1,15,0.764,0.887,0.845,0.7246138681447499,0.6868726460383285,B Cells,0.88846844,0.2329385632183908,0.7907542,0.85924685
ScPreGanPipeline,NaultPipeline,,tcdd,3.0,20,0.76,0.914,0.949,0.9387470094970324,0.8660052991725138,T Cells,0.83609784,0.2007936391802605,0.38830382,0.57043695
ButterflyPipeline,NaultPipeline,,tcdd,0.03,7,0.797,0.988,0.994,0.9938287752886428,0.8383645638287501,T Cells,0.8770173,0.4084411123125382,0.574836,0.78100586
ScPreGanPipeline,NaultPipeline,,tcdd,1.0,4,0.637,0.32,0.013,0.0095585894277799,0.6518086937535155,Subtype 1,0.7813893,0.1915554901960784,0.5539783,0.69879395
ScPreGanPipeline,NaultPipeline,,tcdd,3.0,16,0.542,0.794,0.908,0.8848393212525987,0.7615397984509523,Cholangiocytes,0.7515487,0.2166596605374823,0.31874624,0.52850485
ScPreGanReproduciblePipeline,PbmcPipeline,,ifn-b,0.0,48,0.943,0.96,0.974,0.9748303894264656,0.959416354100226,CD8T,0.8730285,0.1940734608963078,0.48688978,0.6954228
ScPreGanPipeline,NaultPipeline,,tcdd,3.0,41,0.835,0.835,0.899,0.8957715267005705,0.7972246762145582,Hepatocytes - portal,0.70026845,0.0837678637691353,0.25074106,0.3542494
ButterflyPipeline,NaultPipeline,,tcdd,0.3,44,0.962,0.956,0.951,0.9393542282368224,0.9501391146271054,Hepatocytes - central,0.81600964,0.2109885098555425,0.49716163,0.5450454
ScPreGanPipeline,NaultPipeline,,tcdd,10.0,20,0.766,0.661,0.702,0.69881527883987,0.6475920601181572,Neutrophils,0.83461416,0.2434862508383635,0.41237092,0.63841426
ScPreGanPipeline,NaultPipeline,,tcdd,3.0,20,0.834,0.912,0.931,0.9133465864783612,0.8836900518929803,Neutrophils,0.79263663,0.1745017316017316,0.48020905,0.6988651
ScPreGanPipeline,NaultPipeline,,tcdd,3.0,13,0.733,0.745,0.125,0.7991040464807372,0.6416342006679162,Subtype 1,0.7967756,0.1871561016949152,0.48525596,0.6460019
ScPreGanPipeline,NaultPipeline,,tcdd,3.0,30,0.36,0.437,0.36,0.246230375383149,0.336007059751061,Portal Fibroblasts,0.7701747,0.2173327318295739,0.4705225,0.5900213
ScPreGanPipeline,NaultPipeline,,tcdd,10.0,24,0.764,0.906,0.978,0.9653641621852534,0.8719606954935288,B Cells,0.85694015,0.2562846895181321,0.5961913,0.6875492
ScPreGanPipeline,NaultPipeline,,tcdd,30.0,15,0.537,0.142,0.071,0.0924278681380757,0.5150064841216795,Neutrophils,0.7407244,0.2442950264550264,0.511432,0.5022231
ScPreGanPipeline,NaultPipeline,,tcdd,10.0,62,0.939,0.947,0.964,0.963191093687608,0.9436134874182728,Hepatocytes - central,0.7168611,0.1313669348350764,0.2308611,0.38660544
ScPreGanPipeline,NaultPipeline,,tcdd,30.0,9,0.189,0.025,0.046,0.0920197862218758,0.0186426475860578,Cholangiocytes,0.61167014,0.2041798431099391,0.61553884,0.58396953
ScPreGanPipeline,NaultPipeline,,tcdd,30.0,5,0.442,0.376,0.41,0.3862212155861257,0.3337346401779748,Macrophage,0.6704411,0.1522132665274827,0.5652843,0.5416708
ScPreGanPipeline,NaultPipeline,,tcdd,30.0,12,0.453,0.663,0.906,0.9149167876982582,0.6555923275840821,Hepatocytes - central,0.57109845,0.1613816261934759,0.4610285,0.40983278
ScPreGanPipeline,NaultPipeline,,tcdd,30.0,10,0.521,0.406,0.417,0.2276491648430937,0.1928636753622567,Subtype 1,0.65679044,0.1850382968369829,0.4396453,0.50757194
ScPreGanPipeline,NaultPipeline,,tcdd,10.0,24,0.781,0.781,0.331,0.7563077942909767,0.6640708660219614,Subtype 1,0.8322311,0.2434425842696629,0.4328282,0.62771755
ScPreGanPipeline,NaultPipeline,,tcdd,30.0,18,0.534,0.601,0.839,0.8026354229075082,0.5308269802526339,Hepatocytes - portal,0.60308194,0.175529809033311,0.30325836,0.33042857
ScPreGanPipeline,NaultPipeline,,tcdd,30.0,16,0.578,0.475,0.686,0.4008046900876573,0.2959046301993224,B Cells,0.7893013,0.2010540350877193,0.5290123,0.5853945
ScPreGanPipeline,NaultPipeline,,tcdd,30.0,14,0.486,0.384,0.493,0.6041039463113234,0.339868925359558,T Cells,0.7539962,0.1895960921282414,0.605611,0.59056616
ScGenPipeline,PbmcPipeline,,ifn-b,0.0,29,0.874,0.837,0.707,0.6931860178651102,0.7998089949425782,FCGR3A+Mono,0.9359558,0.7386999652230387,0.5427525,0.6709383
ScGenPipeline,PbmcPipeline,,ifn-b,0.0,35,0.935,0.884,0.943,0.9421847497534812,0.8814971213589858,NK,0.94359624,0.7925016118856834,0.3108988,0.6389997
ScGenPipeline,PbmcPipeline,,ifn-b,0.0,38,0.887,0.821,0.912,0.9024334632916756,0.8462339142935406,B,0.9444768,0.8046835810499052,0.26255828,0.6342496
ScGenPipeline,PbmcPipeline,,ifn-b,0.0,42,0.951,0.937,0.941,0.9359141427222528,0.936434024996354,Dendritic,0.9252708,0.7328746608369328,0.3453822,0.5458312
ScGenPipeline,PbmcPipeline,,ifn-b,0.0,27,0.927,0.908,0.835,0.8488262415406912,0.9049246667102608,CD14+Mono,0.93364084,0.8244894595149906,0.4292844,0.5901682
ScGenPipeline,PbmcPipeline,,ifn-b,0.0,38,0.956,0.916,0.982,0.9788923346697008,0.9257183162909118,CD4T,0.95238626,0.8008669721119944,0.37444496,0.6891783
ScGenPipeline,PbmcPipeline,,ifn-b,0.0,33,0.947,0.882,0.96,0.9604709924471032,0.8935842294999756,CD8T,0.94217193,0.7834639711909023,0.27647454,0.60873604
ScGenPipeline,NaultPipeline,,tcdd,0.01,0,0.982,0.986,0.962,0.9629233906702248,0.977993980568032,Stellate Cells,0.8763062,0.7114405338027272,0.47263795,0.565818
ScGenPipeline,NaultPipeline,,tcdd,0.01,1,0.99,0.992,0.986,0.9872272362785576,0.9902499849333344,Hepatocytes - portal,0.9054374,0.656541539493455,0.3404556,0.49872148
ScGenPipeline,NaultPipeline,,tcdd,0.03,3,0.99,0.99,0.992,0.990589444795982,0.9886662393805022,Hepatocytes - portal,0.90693706,0.6820884988084457,0.31565416,0.47324908
ScGenPipeline,NaultPipeline,,tcdd,0.01,0,0.988,0.992,0.992,0.9913838457888032,0.9913797111372324,Hepatocytes - central,0.8900913,0.6872099935617867,0.334732,0.51728666
ScGenPipeline,NaultPipeline,,tcdd,0.01,1,0.935,0.945,0.937,0.9156829614675464,0.9170626541782098,Portal Fibroblasts,0.8344277,0.7523166666666666,0.6280379,0.7687844
ScGenPipeline,NaultPipeline,,tcdd,0.01,1,0.964,0.976,0.945,0.9603781549750908,0.9835740661537866,Cholangiocytes,0.8675468,0.6854286657237153,0.7951789,0.82501906
ScGenPipeline,NaultPipeline,,tcdd,0.01,0,0.964,0.962,0.976,0.9691738690211652,0.9614953310355108,Macrophage,0.9184942,0.7164160664197802,0.8063015,0.8469979
ScGenPipeline,NaultPipeline,,tcdd,0.03,0,0.982,0.972,0.978,0.9767474065167464,0.970870207370762,Hepatocytes - central,0.890597,0.6945778844005303,0.38908255,0.4855739
ScGenPipeline,NaultPipeline,,tcdd,0.3,5,0.99,0.994,0.996,0.9961420663567934,0.9925961256993858,Hepatocytes - portal,0.9228309,0.7111237774498477,0.47354108,0.62097377
ScGenPipeline,NaultPipeline,,tcdd,0.1,3,0.99,0.99,0.974,0.980536660462486,0.9899913730529027,Hepatocytes - portal,0.9125165,0.7060686235400211,0.51803523,0.58776623
ScGenPipeline,NaultPipeline,,tcdd,0.01,3,0.889,0.956,0.974,0.8145370148455242,0.8951732152584847,Neutrophils,0.73288995,0.7316809523809524,0.62102515,0.7190373
ScGenPipeline,NaultPipeline,,tcdd,0.01,1,0.929,0.947,0.933,0.910928338696034,0.914421066470663,B Cells,0.884579,0.7432192424242424,0.8398843,0.8629023
ScGenPipeline,NaultPipeline,,tcdd,0.01,1,0.819,0.88,0.769,0.7268754491455467,0.7814784384475544,Subtype 1,0.8537815,0.6794592592592593,0.74598783,0.81995094
ScGenPipeline,NaultPipeline,,tcdd,0.01,0,0.953,0.982,0.968,0.9580228266460946,0.970571075271256,T Cells,0.90144056,0.7220196920516022,0.756359,0.8261308
ScGenPipeline,NaultPipeline,,tcdd,0.01,0,0.978,0.978,0.98,0.9748464377009,0.9747425478622525,Endothelial Cells,0.90279555,0.7164988603473845,0.5247437,0.6134425
ScGenPipeline,NaultPipeline,,tcdd,0.03,3,0.968,0.988,0.998,0.9950642838532084,0.9813137549997232,Cholangiocytes,0.8695307,0.7158562465235287,0.74999046,0.8259213
ScGenPipeline,NaultPipeline,,tcdd,0.03,0,0.988,0.988,0.996,0.9949006860185878,0.9859178615000096,Endothelial Cells,0.90897226,0.729489992820185,0.5611311,0.67074716
ScGenPipeline,NaultPipeline,,tcdd,0.03,0,0.98,0.992,0.994,0.9935148252007032,0.9930801332535686,Macrophage,0.9321198,0.718233122569444,0.45576873,0.7636303
ScGenPipeline,NaultPipeline,,tcdd,0.03,0,0.949,0.949,0.92,0.8927269409159919,0.9420322297610256,Portal Fibroblasts,0.85199386,0.7239752006420546,0.68906194,0.8061369
ScGenPipeline,NaultPipeline,,tcdd,0.03,0,0.97,0.99,0.994,0.9931633460771468,0.972368621715384,T Cells,0.9126161,0.7123972215692728,0.66093814,0.8603654
ScGenPipeline,NaultPipeline,,tcdd,0.03,0,0.98,0.982,0.988,0.9856964317967932,0.9820704114610592,Stellate Cells,0.8803837,0.6494820230796972,0.59903836,0.6455295
ScGenPipeline,NaultPipeline,,tcdd,0.03,3,0.96,0.986,0.992,0.9875052331245472,0.9746215611536314,B Cells,0.89994705,0.7229975225225226,0.7246317,0.8333334
ScGenPipeline,NaultPipeline,,tcdd,0.03,1,0.867,0.865,0.78,0.716446222147212,0.7914296879836193,Subtype 1,0.8532942,0.6751123529411766,0.6609815,0.7861178
ScGenPipeline,NaultPipeline,,tcdd,0.03,1,0.769,0.267,0.024,0.0152213644890467,0.8629268642333318,Neutrophils,0.88095534,0.7063315789473685,0.9249975,0.91888154
ScGenPipeline,NaultPipeline,,tcdd,0.1,1,0.984,0.982,0.943,0.9421562920488769,0.9813704026373212,Hepatocytes - central,0.9014629,0.676308410600396,0.6119641,0.5389767
ScGenPipeline,NaultPipeline,,tcdd,0.3,2,0.988,0.988,0.994,0.9918978258506768,0.9861690610136784,Stellate Cells,0.8912667,0.7190452618271138,0.7351912,0.79220605
ScGenPipeline,NaultPipeline,,tcdd,0.1,1,0.978,0.986,0.988,0.9880352274282522,0.9856047058008076,Macrophage,0.9391991,0.7465960612600449,0.7166055,0.8055484
ScGenPipeline,NaultPipeline,,tcdd,1.0,3,0.986,0.986,0.994,0.9926371072820258,0.9834040550560168,Stellate Cells,0.88023067,0.7344596736386586,0.546594,0.7197187
ScGenPipeline,NaultPipeline,,tcdd,0.1,0,0.984,0.974,0.982,0.9720787083104218,0.9595122523221576,Stellate Cells,0.88107127,0.7123427364277192,0.68902344,0.7382872
ScGenPipeline,NaultPipeline,,tcdd,0.1,2,0.869,0.327,0.1,0.0591553173232569,0.6205464985128608,Neutrophils,0.88124347,0.7273050420168067,0.92425615,0.9192595
ScGenPipeline,NaultPipeline,,tcdd,0.1,4,0.966,0.941,0.949,0.9590879962423337,0.9441786238812409,B Cells,0.91224915,0.7200024712643679,0.8821718,0.918033
ScGenPipeline,NaultPipeline,,tcdd,0.3,0,0.984,0.986,0.994,0.99518693050691,0.9908452831199352,Endothelial Cells,0.91434366,0.7397531969068202,0.68645203,0.75075674
ScGenPipeline,NaultPipeline,,tcdd,0.1,1,0.854,0.863,0.891,0.7787923872953603,0.7496090799178333,Subtype 1,0.87787294,0.69842,0.7650086,0.8265381
ScGenPipeline,NaultPipeline,,tcdd,0.1,1,0.98,0.972,0.949,0.9508747162242176,0.9609629413287744,Endothelial Cells,0.9113633,0.7450577485188538,0.6107356,0.6934983
ScGenPipeline,NaultPipeline,,tcdd,0.3,1,0.968,0.992,0.964,0.9969289938009368,0.9922766792928956,Cholangiocytes,0.8853016,0.6636274622199062,0.7794567,0.8363179
ScGenPipeline,NaultPipeline,,tcdd,0.1,6,0.97,0.976,0.98,0.994279661360858,0.9832219477127884,T Cells,0.91683733,0.7471524582710918,0.80580217,0.9011879
ScGenPipeline,NaultPipeline,,tcdd,0.1,2,0.972,0.976,0.958,0.9944277453618504,0.9892996265777908,Cholangiocytes,0.88078374,0.6983654447887536,0.81790316,0.881477
ScGenPipeline,NaultPipeline,,tcdd,0.1,1,0.958,0.962,0.96,0.8783199502415248,0.9437642448750708,Portal Fibroblasts,0.8706941,0.6982963492063493,0.8075101,0.8497799
ScGenPipeline,NaultPipeline,,tcdd,0.3,1,0.962,0.99,0.994,0.9954247452475102,0.989525214588995,Macrophage,0.94371676,0.7156015651018163,0.5803097,0.78124094
ScGenPipeline,NaultPipeline,,tcdd,0.3,1,0.96,0.96,0.955,0.9612223183112824,0.9543703797383306,B Cells,0.905376,0.6865874269005847,0.78324807,0.8206089
ScGenPipeline,NaultPipeline,,tcdd,0.3,1,0.98,0.982,0.976,0.9792156458223004,0.9811405545159748,Hepatocytes - central,0.9080762,0.6969342297887502,0.5999666,0.60390043
ScGenPipeline,NaultPipeline,,tcdd,0.3,3,0.876,0.92,0.736,0.7003467507022539,0.8918406508162353,Subtype 1,0.88194114,0.7296413333333333,0.83887184,0.8346136
ScGenPipeline,NaultPipeline,,tcdd,0.3,0,0.935,0.966,0.863,0.9731620085520528,0.944814170476604,Portal Fibroblasts,0.85761696,0.7469083333333334,0.78393203,0.8486578
ScGenPipeline,NaultPipeline,,tcdd,0.3,1,0.939,0.978,0.994,0.9926007931190391,0.9534095479692154,T Cells,0.9103151,0.7481848582129481,0.7401295,0.85183114
ScGenPipeline,NaultPipeline,,tcdd,0.3,3,0.87,0.924,0.97,0.9610993837544092,0.939062758670004,Neutrophils,0.854174,0.735265238095238,0.85489637,0.89800423
ScGenPipeline,NaultPipeline,,tcdd,1.0,14,0.984,0.988,0.992,0.9910740991932124,0.9871424314104608,Hepatocytes - portal,0.91477185,0.695997736706283,0.4823524,0.5816581
ScGenPipeline,NaultPipeline,,tcdd,10.0,18,0.834,0.806,0.381,0.7944887625987452,0.743063175339698,Subtype 1,0.9066922,0.7403059925093632,0.5623271,0.75933456
ScGenPipeline,NaultPipeline,,tcdd,1.0,4,0.978,0.974,0.98,0.9816517145614576,0.9717252083337528,Endothelial Cells,0.9152213,0.7624474986152654,0.645419,0.7280645
ScGenPipeline,NaultPipeline,,tcdd,3.0,1,0.968,0.974,0.982,0.991241556088562,0.9741233100082348,Stellate Cells,0.87054694,0.6439812584624477,0.67587817,0.7277028
ScGenPipeline,NaultPipeline,,tcdd,1.0,6,0.956,0.943,0.929,0.9113054807840132,0.9818248453463312,Macrophage,0.9396086,0.7350780206213849,0.68824446,0.80645925
ScGenPipeline,NaultPipeline,,tcdd,1.0,2,0.966,0.974,0.986,0.9807283719831992,0.9782978947467724,Cholangiocytes,0.86963165,0.7083439851485149,0.60527575,0.7909596
ScGenPipeline,NaultPipeline,,tcdd,1.0,1,0.933,0.958,0.906,0.932914840749314,0.9552308861977358,Portal Fibroblasts,0.8402285,0.7415218487394958,0.6691184,0.7626956
ScGenPipeline,NaultPipeline,,tcdd,1.0,8,0.974,0.97,0.98,0.9765998263741248,0.9759818829731944,Hepatocytes - central,0.90399194,0.6913835697037486,0.42895088,0.5502661
ScGenPipeline,NaultPipeline,,tcdd,1.0,4,0.962,0.97,0.982,0.974777657110589,0.9620851652175298,B Cells,0.9156618,0.7334465615615615,0.69426143,0.8646064
ScGenPipeline,NaultPipeline,,tcdd,3.0,39,0.984,0.99,0.992,0.9930857503823832,0.9898314323889298,Hepatocytes - portal,0.91500026,0.6850801145795562,0.3257,0.5208794
ScGenPipeline,NaultPipeline,,tcdd,1.0,8,0.966,0.98,0.988,0.9856235891070274,0.9751090453694796,T Cells,0.9194338,0.7111943698094773,0.7386514,0.84455216
ScGenPipeline,NaultPipeline,,tcdd,30.0,18,0.874,0.824,0.787,0.7559230909794966,0.7755791559185786,B Cells,0.91121966,0.7977591465149361,0.6591962,0.73044276
ScGenPipeline,NaultPipeline,,tcdd,30.0,3,0.801,0.738,0.604,0.7240903680982603,0.733855901127959,Portal Fibroblasts,0.8134667,0.7810092954990214,0.6839322,0.66488725
ScGenPipeline,NaultPipeline,,tcdd,3.0,24,0.98,0.988,0.994,0.9936284702653676,0.985962183605711,Macrophage,0.9418585,0.7186088021647066,0.44902596,0.6568164
ScGenPipeline,NaultPipeline,,tcdd,3.0,10,0.974,0.98,0.986,0.9914263739955368,0.9764646411104408,Endothelial Cells,0.9131952,0.7139049631174706,0.5618886,0.69710267
ScGenPipeline,NaultPipeline,,tcdd,3.0,4,0.956,0.98,0.986,0.9889351093954932,0.972511175446055,Cholangiocytes,0.87782496,0.7102874398868458,0.47035995,0.7055519
ScGenPipeline,NaultPipeline,,tcdd,1.0,2,0.709,0.239,0.008,0.0330121838151477,0.8301209347766689,Neutrophils,0.87424296,0.7435119047619048,0.88495255,0.9107532
ScGenPipeline,NaultPipeline,,tcdd,3.0,4,0.865,0.887,0.415,0.909200229308852,0.8413859655948008,Subtype 1,0.882883,0.6952610734463276,0.58878034,0.7575845
ScGenPipeline,NaultPipeline,,tcdd,1.0,2,0.78,0.618,0.291,0.2091463825476495,0.822204197083488,Subtype 1,0.88991463,0.7063084313725491,0.74303854,0.81992316
ScGenPipeline,NaultPipeline,,tcdd,3.0,8,0.891,0.953,0.974,0.9629886706106068,0.9366253847489776,Neutrophils,0.8783603,0.7398298701298701,0.60693145,0.80482966
ScGenPipeline,NaultPipeline,,tcdd,3.0,22,0.978,0.978,0.976,0.9736597051087028,0.9772645253635768,Hepatocytes - central,0.9078801,0.6721100818846553,0.3880841,0.48619065
ScGenPipeline,NaultPipeline,,tcdd,3.0,5,0.964,0.984,0.992,0.9920331308253796,0.979792585310056,T Cells,0.9187145,0.7335574153570494,0.59211606,0.757234
ScGenPipeline,NaultPipeline,,tcdd,3.0,4,0.958,0.97,0.98,0.9767288525616676,0.9566044024137212,Portal Fibroblasts,0.8755553,0.6797840350877192,0.54623663,0.7795539
ScGenPipeline,NaultPipeline,,tcdd,10.0,39,0.976,0.966,0.976,0.9753927406494874,0.962110479472892,Hepatocytes - portal,0.90241784,0.752467361204113,0.31250933,0.5129571
ScGenPipeline,NaultPipeline,,tcdd,3.0,7,0.964,0.988,0.994,0.9945461927490322,0.9819249601392368,B Cells,0.9170669,0.75958,0.55689573,0.794909
ScGenPipeline,NaultPipeline,,tcdd,10.0,22,0.964,0.953,0.974,0.9754226320711183,0.9454539871695742,Endothelial Cells,0.9158,0.7588209894523967,0.5747726,0.74862826
ScGenPipeline,NaultPipeline,,tcdd,10.0,35,0.947,0.949,0.958,0.9515225956314384,0.945544449385644,Hepatocytes - central,0.8910514,0.7136748458031643,0.3700225,0.5353682
ScGenPipeline,NaultPipeline,,tcdd,10.0,19,0.943,0.927,0.958,0.9340474705560357,0.9038769515446952,Cholangiocytes,0.8905973,0.7265564827911363,0.47912008,0.71772826
ScGenPipeline,NaultPipeline,,tcdd,10.0,6,0.92,0.895,0.945,0.9430907563678989,0.8932553147273672,Stellate Cells,0.8894537,0.7277952816161846,0.6747535,0.72698754
ScGenPipeline,NaultPipeline,,tcdd,10.0,30,0.925,0.933,0.986,0.974511547625932,0.9319782036150328,Macrophage,0.9403962,0.7374146995391013,0.47679177,0.7137153
ScGenPipeline,NaultPipeline,,tcdd,30.0,10,0.874,0.736,0.506,0.7721955085282824,0.7365223342130466,Endothelial Cells,0.87200695,0.7602046947550282,0.5541574,0.6175942
ScGenPipeline,NaultPipeline,,tcdd,30.0,15,0.743,0.808,0.914,0.928951890881094,0.8066445435883967,Hepatocytes - central,0.7956802,0.799426279755309,0.56116396,0.56625366
ScGenPipeline,NaultPipeline,,tcdd,30.0,0,0.487,0.664,0.607,0.4714505367537184,0.4982772606873286,Macrophage,0.9073887,0.7497418325009625,0.7684054,0.81064147
ScGenPipeline,NaultPipeline,,tcdd,10.0,21,0.951,0.968,0.996,0.988654495523292,0.9366593093454488,T Cells,0.9275227,0.7484923127615408,0.52204937,0.7324188
ScGenPipeline,NaultPipeline,,tcdd,10.0,19,0.953,0.966,0.982,0.9788449894717784,0.9496069928762958,B Cells,0.92481154,0.7735759388971685,0.6028417,0.7602834
ScGenPipeline,NaultPipeline,,tcdd,10.0,13,0.806,0.766,0.819,0.8239306778174376,0.7603796609161748,Neutrophils,0.8984438,0.7540635814889336,0.5787338,0.7832532
ScGenPipeline,NaultPipeline,,tcdd,30.0,7,0.612,0.13,0.016,0.116292845855015,0.6469195089075909,Neutrophils,0.8971179,0.8460684656084657,0.75488997,0.74719656
ScGenPipeline,NaultPipeline,,tcdd,30.0,15,0.823,0.776,0.899,0.8990698082321904,0.7529602855450769,Hepatocytes - portal,0.8450894,0.7899743544952386,0.5158429,0.56969446
ScGenPipeline,NaultPipeline,,tcdd,30.0,5,0.792,0.607,0.523,0.7940050665183329,0.6504666854437415,T Cells,0.904304,0.8137660483047217,0.7245741,0.7493474
ScGenPipeline,NaultPipeline,,tcdd,30.0,5,0.654,0.504,0.36,0.3477255945085967,0.3265981534838162,Subtype 1,0.88135016,0.7867803649635037,0.6721996,0.73706114
ScGenPipeline,NaultPipeline,,tcdd,30.0,6,0.805,0.461,0.378,0.3698696865940761,0.4755514063508751,Stellate Cells,0.8244074,0.7474111541980741,0.6954359,0.62932944
ScGenPipeline,NaultPipeline,,tcdd,10.0,9,0.929,0.922,0.968,0.9654686684813903,0.914740933221265,Portal Fibroblasts,0.8651391,0.7239773669467788,0.59887886,0.71811485
ScGenPipeline,NaultPipeline,,tcdd,30.0,16,0.728,0.353,0.154,0.5145378228468265,0.2786544341615562,Cholangiocytes,0.8346816,0.755948415344047,0.63741785,0.6653416