model,dataset,experiment_name,perturbation,dose,DEGs,r2mean,r2mean_top20,r2mean_top100,r2mean_top20_boostrap_mean,r2mean_top100_boostrap_mean,cell_type_test,average_mean_expressed_diff,average_fractions_diff,average_mean_degs20_diff,average_mean_degs100_diff,edistance,wasserstein,euclidean,mean_pairwise,mmd
ButterflyPipeline,PbmcPipeline,playground,,0,1,0.032,0.238,0.196,0.12920913154441688,0.25732258488694815,CD4T,0.7076385,0.9567346084871751,0.6854695,0.70231414,1.008351679572598,1.0103163794631689,1.0041673,1.0052078,1.0083515545556176
ButterflyPipeline,PbmcPipeline,playground,,0.0,1,0.032,0.238,0.196,0.12920913154441688,0.25732258488694815,CD4T,0.7076385,0.9567346084871751,0.6854695,0.70231414,1.008351679572598,1.0103163794631689,1.0041673,1.0052078,1.0083515545556176
ButterflyPipeline,PbmcPipeline,playground,,0.0,1,0.032,0.238,0.196,0.12920913154441688,0.25732258488694815,CD4T,0.7076385,0.9567346084871751,0.6854695,0.70231414,1.008351679572598,1.0103163794631689,1.0041673,1.0052078,1.0083515545556176
ScGenPipeline,NaultPipeline,,tcdd,0.01,3,0.889,0.956,0.974,0.8145370148455242,0.8951732152584847,Neutrophils,0.73288995,0.7316809523809524,0.62102515,0.7190373,3.3890772323909872,1.0798324585225036,1.8409445,1.0096154,3.389077389997567
ScGenPipeline,NaultPipeline,,tcdd,0.03,0,0.98,0.992,0.994,0.9935148252007032,0.9930801332535686,Macrophage,0.9321198,0.718233122569444,0.45576873,0.7636303,1.0265550730281514,1.2955812264201214,1.0131902,0.9959463,1.026555068079704
ScGenPipeline,NaultPipeline,,tcdd,0.03,0,0.982,0.972,0.978,0.9767474065167464,0.9708702073707619,Hepatocytes - central,0.890597,0.6945778844005303,0.38908255,0.4855739,0.993028985759194,1.0270426216494237,0.99650854,0.9189894,0.9930293236963069
ScGenPipeline,NaultPipeline,,tcdd,0.01,1,0.819,0.88,0.769,0.7268754491455467,0.7814784384475544,Subtype 1,0.8537815,0.6794592592592593,0.74598783,0.81995094,23.156135348987075,1.8482872038937346,4.8120823,1.2508695,23.15612376696963
ScGenPipeline,NaultPipeline,,tcdd,0.01,0,0.978,0.978,0.98,0.9748464377009001,0.9747425478622523,Endothelial Cells,0.90279555,0.7164988603473845,0.5247437,0.6134425,2.726754946202745,1.1164811532123207,1.651289,1.0334946,2.7267543479704415
ScGenPipeline,NaultPipeline,,tcdd,0.01,1,0.99,0.992,0.986,0.9872272362785575,0.9902499849333344,Hepatocytes - portal,0.9054374,0.656541539493455,0.3404556,0.49872148,2.633290248475906,1.2376079104728963,1.6227424,0.9806908,2.633288795849879
ScGenPipeline,NaultPipeline,,tcdd,0.03,3,0.96,0.986,0.992,0.9875052331245471,0.9746215611536314,B Cells,0.89994705,0.7229975225225226,0.7246317,0.8333334,1.4333506096324284,1.03876075549684,1.1972262,0.98529196,1.4333506834321799
ScGenPipeline,NaultPipeline,,tcdd,0.01,1,0.935,0.945,0.937,0.9156829614675465,0.9170626541782098,Portal Fibroblasts,0.8344277,0.7523166666666666,0.6280379,0.7687844,2.2532202497929683,0.9814377646878631,1.5010731,0.98515713,2.2532202296537847
ScGenPipeline,NaultPipeline,,tcdd,0.01,1,0.964,0.976,0.945,0.9603781549750908,0.9835740661537866,Cholangiocytes,0.8675468,0.6854286657237153,0.7951789,0.82501906,7.2596005137908515,1.0161981113847616,2.6943645,0.99515367,7.259599723937967
ScGenPipeline,NaultPipeline,,tcdd,0.01,0,0.982,0.986,0.962,0.9629233906702249,0.9779939805680321,Stellate Cells,0.8763062,0.7114405338027272,0.47263795,0.565818,2.490216424040723,1.093781030460967,1.5780416,0.9956813,2.4902163962948225
ScGenPipeline,NaultPipeline,,tcdd,0.01,0,0.988,0.992,0.992,0.9913838457888032,0.9913797111372324,Hepatocytes - central,0.8900913,0.6872099935617867,0.334732,0.51728666,1.5540766798198,1.1654352974705324,1.2466261,0.96212226,1.5540768410801562
ScGenPipeline,NaultPipeline,,tcdd,0.01,0,0.953,0.982,0.968,0.9580228266460946,0.9705710752712559,T Cells,0.90144056,0.7220196920516022,0.756359,0.8261308,6.364797245034957,1.2525718935006662,2.5228548,1.0639867,6.3647975925414055
ScGenPipeline,NaultPipeline,,tcdd,0.01,1,0.929,0.947,0.933,0.910928338696034,0.914421066470663,B Cells,0.884579,0.7432192424242424,0.8398843,0.8629023,2.071536094095646,1.1769769881075864,1.4392831,1.0569663,2.071536239373301
ScGenPipeline,NaultPipeline,,tcdd,0.01,0,0.964,0.962,0.976,0.9691738690211651,0.9614953310355109,Macrophage,0.9184942,0.7164160664197802,0.8063015,0.8469979,3.155391246745029,1.7817752263272253,1.7763416,1.1071781,3.1553916830171502
ScGenPipeline,NaultPipeline,,tcdd,0.03,1,0.769,0.267,0.024,0.015221364489046756,0.8629268642333318,Neutrophils,0.88095534,0.7063315789473685,0.9249975,0.91888154,8.099460836823214,2.8455833615323005,2.845955,1.6052202,8.099460410125136
ScGenPipeline,NaultPipeline,,tcdd,0.03,3,0.99,0.99,0.992,0.9905894447959821,0.9886662393805022,Hepatocytes - portal,0.90693706,0.6820884988084457,0.31565416,0.47324908,0.8264779251185287,1.0438775003431946,0.9091086,0.93144727,0.8264782453456581
ScGenPipeline,NaultPipeline,,tcdd,0.03,0,0.97,0.99,0.994,0.9931633460771468,0.9723686217153841,T Cells,0.9126161,0.7123972215692728,0.66093814,0.8603654,1.7134354616789302,0.9988271191399181,1.308983,0.97247416,1.7134355469035893
ScGenPipeline,NaultPipeline,,tcdd,0.03,0,0.988,0.988,0.996,0.9949006860185878,0.9859178615000097,Endothelial Cells,0.90897226,0.729489992820185,0.5611311,0.67074716,1.4513422688168531,0.9996575401625786,1.2047169,0.97599024,1.4513422027292548
ScGenPipeline,NaultPipeline,,tcdd,0.03,3,0.968,0.988,0.998,0.9950642838532084,0.9813137549997231,Cholangiocytes,0.8695307,0.7158562465235287,0.74999046,0.8259213,2.0504248392941147,0.8880599670941538,1.4319305,0.9306997,2.0504248074577407
ScGenPipeline,NaultPipeline,,tcdd,0.03,0,0.98,0.982,0.988,0.9856964317967933,0.9820704114610592,Stellate Cells,0.8803837,0.6494820230796972,0.59903836,0.6455295,2.266019282824847,1.0594804265641151,1.5053306,0.98920804,2.2660191657091695
ButterflyPipeline,NaultPipeline,,tcdd,0.01,38,0.962,0.966,0.951,0.9573002000934204,0.9628413293435127,Hepatocytes - portal,0.74959505,0.17018021428305902,0.24466407,0.4417135,0.7100339651808723,0.7836258205695237,0.84263474,0.90411574,0.7100334683403059
ScGenPipeline,NaultPipeline,,tcdd,0.03,0,0.949,0.949,0.92,0.8927269409159919,0.9420322297610255,Portal Fibroblasts,0.85199386,0.7239752006420546,0.68906194,0.8061369,6.212859763597013,0.9294266550327561,2.492561,0.96415555,6.212860420705968
ScGenPipeline,NaultPipeline,,tcdd,0.1,3,0.99,0.99,0.974,0.9805366604624859,0.9899913730529027,Hepatocytes - portal,0.9125165,0.7060686235400211,0.51803523,0.58776623,0.9204694333508151,1.2904062659696218,0.9594118,1.034974,0.9204693088357353
ScGenPipeline,NaultPipeline,,tcdd,0.03,1,0.867,0.865,0.78,0.716446222147212,0.7914296879836193,Subtype 1,0.8532942,0.6751123529411766,0.6609815,0.7861178,11.852263815098809,1.7079319434989388,3.4427118,1.1871134,11.85226271952128
ScGenPipeline,NaultPipeline,,tcdd,0.1,2,0.972,0.976,0.958,0.9944277453618503,0.9892996265777907,Cholangiocytes,0.88078374,0.6983654447887536,0.81790316,0.881477,5.927734282112964,0.9493033787503711,2.4346943,0.9675675,5.927734724313963
ButterflyPipeline,NaultPipeline,,tcdd,0.03,36,0.951,0.931,0.97,0.9595634075322128,0.929936913203248,Hepatocytes - portal,0.7446894,0.17395069027224958,0.22659603,0.46146262,0.8346761979289111,0.8089129389113289,0.913605,0.8960006,0.8346763721566384
ScGenPipeline,NaultPipeline,,tcdd,0.1,1,0.98,0.972,0.949,0.9508747162242177,0.9609629413287744,Endothelial Cells,0.9113633,0.7450577485188538,0.6107356,0.6934983,1.5601210144561786,1.0351636616409174,1.249048,0.99596226,1.5601211704281515
ScGenPipeline,NaultPipeline,,tcdd,0.1,0,0.984,0.974,0.982,0.9720787083104218,0.9595122523221576,Stellate Cells,0.88107127,0.7123427364277192,0.68902344,0.7382872,1.0934262160905788,1.0177775421257462,1.04567,0.9946104,1.0934262665982786
ButterflyPipeline,NaultPipeline,,tcdd,0.1,54,0.941,0.845,0.714,0.706678901759324,0.8358497790691706,Hepatocytes - portal,0.74701494,0.1747825333123294,0.29360586,0.46507692,0.5717117611781695,0.7811752040837484,0.7561165,0.9236151,0.571712541976123
